{
  "source": "breakdown.xlsx",
  "n_labels": 967,
  "priors": {
    "dallas": 0.0641158221302999,
    "dallas_y_off": 0.0796277145811789,
    "detroit": 0.18821096173733196,
    "trey_y_off": 0.12099276111685625,
    "trips": 0.05894519131334023,
    "trips_open": 0.19441571871768357,
    "trey_y_off_tight": 0.03205791106514995,
    "denver_u_off": 0.0062047569803516025,
    "denver": 0.04239917269906929,
    "denver_y_off": 0.0062047569803516025,
    "trey": 0.057911065149948295,
    "trey_tight": 0.028955532574974147,
    "trey_wg": 0.017580144777662874,
    "slot": 0.010341261633919338,
    "dallas_wg": 0.050672182006204755,
    "slot_open": 0.04136504653567735
  }
}